CVE|Product|Min|Max|Mean|Median|Variance| Standard deviation
CVE-2012-3865|puppet|4388|4388|4388|4388|0|0.0
CVE-2017-15808|phpMyFAQ|1824|4812|3318|3318.0|2232036|1494.0
CVE-2002-2443|krb5|8300|8300|8300|8300|0|0.0
CVE-2015-8813|Umbraco-CMS|1043|1043|1043|1043|0|0.0
CVE-2008-7050|wowraidmanager|102|102|102|102|0|0.0
CVE-2012-3866|puppet|7635|7635|7635|7635|0|0.0
CVE-2009-3287|thin|28|505|289|311.5|45967.5|214.4003264922887
CVE-2010-0011|uzbl|588|1245|916.5|916.5|107912.25|328.5
CVE-2017-15809|phpMyFAQ|461|692|540|467|11558|107.50813922675809
CVE-2017-15872|phpwcms|322|976|638|627.0|100098|316.3826796776334
CVE-2015-8814|Umbraco-CMS|6|6616|3311|3311.0|10923025|3305.0
CVE-2015-8864|roundcubemail|7911|7911|7911|7911.0|0|0.0
CVE-2015-8865|file|1914|1914|1914|1914|0|0.0
CVE-2012-3867|puppet|2732|5271|4001.5|4001.5|1611630.25|1269.5
CVE-2010-1630|phpbb3|2584|2584|2584|2584|0|0.0
CVE-2010-2060|beanstalkd|142|149|145.5|145.5|12.25|3.5
CVE-2012-4267|sockso|65|65|65|65.0|0|0.0
CVE-2010-2761|CGI--Simple|15|19|16.333333333333332|15|3.555555555555556|1.8856180831641267
CVE-2012-4406|swift|1480|1660|1540|1480|7200|84.8528137423857
CVE-2012-6119|candlepin|1294|2659|2233.25|2490.0|301788.1875|549.3525166047754
CVE-2010-3260|orbeon-forms|5092|5092|5092|5092|0|0.0
CVE-2015-8895|ImageMagick|7267|8973|8291.333333333334|8458.0|502772.55555555556|709.0645637426506
CVE-2010-4335|cakephp|2148|4171|3159.5|3159.5|1023132.25|1011.5
CVE-2010-4802|mojo|1258|1258|1258|1258|0|0.0
CVE-2010-4802|mojo|890|1373|1131.5|1131.5|58322.25|241.5
CVE-2012-6708|jquery|2139|4309|3305.75|3387.5|716573.6875|846.5067557320497
CVE-2013-0183|rack|6|6|6|6|0|0.0
CVE-2010-5312|jquery-ui|3191|3191|3191|3191|0|0.0
CVE-2013-0256|rdoc|372|1458|890|840|197816|444.76510654501664
CVE-2013-0262|rack|1101|1101|1101|1101|0|0.0
CVE-2013-0275|ganglia-web|4|806|131.33333333333334|47|57819.555555555555|240.45697235795754
CVE-2017-15906|src|114457|114457|114457|114457|0|0.0
CVE-2017-16003|windows-build-tools|45|45|45|45|0|0.0
CVE-2017-16015|forms|14|534|311|323|42746.4|206.75202538306607
CVE-2017-16244|october|2112|2112|2112|2112.0|0|0.0
CVE-2015-8896|ImageMagick|7267|8973|8291.333333333334|8458.0|502772.55555555556|709.0645637426506
CVE-2017-16355|passenger|2639|2639|2639|2639|0|0.0
CVE-2015-8897|ImageMagick|2288|2288|2288|2288|0|0.0
CVE-2015-8900|ImageMagick|215|215|215|215|0|0.0
CVE-2015-8949|DBD-mysql|610|610|610|610|0|0.0
CVE-2015-8957|ImageMagick|6013|6013|6013|6013.0|0|0.0
CVE-2015-8957|ImageMagick|3676|3676|3676|3676|0|0.0
CVE-2015-8958|ImageMagick|1384|1384|1384|1384|0|0.0
CVE-2015-8958|ImageMagick|9318|9318|9318|9318|0|0.0
CVE-2015-8958|ImageMagick|9302|9302|9302|9302|0|0.0
CVE-2015-8958|ImageMagick|5836|5836|5836|5836|0|0.0
CVE-2015-9059|picocom|62|62|62|62|0|0.0
CVE-2017-16510|WordPress|20308|32139|26627.75|27032.0|29689500.6875|5448.807272009169
CVE-2017-16546|ImageMagick|11255|11255|11255|11255|0|0.0
CVE-2017-16759|librenms|9089|11200|10144.5|10144.5|1114080.25|1055.5
CVE-2017-16792|geminabox|142|400|257|229|11486|107.17275773255068
CVE-2017-16802|MISP|6466|6466|6466|6466|0|0.0
CVE-2015-9241|hapi|654|654|654|654|0|0.0
CVE-2015-9253|php-src|6070|60810|24316.666666666668|6070|665881688.8888888|25804.683468101073
CVE-2015-9274|harfbuzz|2117|3312|2515.3333333333335|2117|317338.8888888889|563.3284023452828
CVE-2017-16818|ceph|12046|35310|23678|23678.0|135303424|11632.0
CVE-2017-16833|gemirro|4|154|90.33333333333333|113|4006.8888888888887|63.29999122345033
CVE-2017-16876|mistune|218|218|218|218|0|0.0
CVE-2017-16880|whoops|390|390|390|390|0|0.0
CVE-2017-16946|MISP|6017|6017|6017|6017|0|0.0
CVE-2017-17042|yard|2953|2953|2953|2953|0|0.0
CVE-2013-0281|pacemaker|3623|9259|6682.875|6269.5|3387338.859375|1840.4724554784839
CVE-2013-1770|ganglia-web|1|442|232.75|244.0|39228.6875|198.0623323602951
CVE-2013-1801|httparty|112|203|156.66666666666666|155|1381.5555555555557|37.16928241916375
CVE-2013-1812|ruby-openid|435|435|435|435.0|0|0.0
CVE-2017-17081|FFmpeg|3892|3892|3892|3892|0|0.0
CVE-2013-1944|curl|3323|3323|3323|3323|0|0.0
CVE-2013-2035|hawtjni|33|33|33|33|0|0.0
CVE-2013-4136|passenger|2739|2739|2739|2739|0|0.0
CVE-2017-17087|vim|7843|7848|7845.5|7845.5|6.25|2.5
CVE-2017-17089|webmin|6446|6446|6446|6446|0|0.0
CVE-2017-17091|WordPress|6211|36897|21554|21554.0|235407649|15343.0
CVE-2013-4249|django|12980|13207|13093.5|13093.5|12882.25|113.5
CVE-2013-6370|json-c|4|112|23.125|5.0|1292.859375|35.95635375006759
CVE-2013-6371|json-c|4|112|23.125|5.0|1292.859375|35.95635375006759
CVE-2013-6372|subversion-plugin|530|530|530|530|0|0.0
CVE-2017-17092|WordPress|22579|36900|29739.5|29739.5|51272760.25|7160.5
CVE-2013-6401|jansson|5|449|265.2307692307692|324|23140.023668639053|152.11845275520997
CVE-2013-6441|lxc|1074|1074|1074|1074|0|0.0
CVE-2013-7224|fat_free_crm|2941|2941|2941|2941|0|0.0
CVE-2013-7225|fat_free_crm|3201|3201|3201|3201.0|0|0.0
CVE-2013-7249|fat_free_crm|2941|2941|2941|2941|0|0.0
CVE-2013-7345|file|1562|1562|1562|1562|0|0.0
CVE-2013-7441|nbd|499|499|499|499|0|0.0
CVE-2013-7456|libgd|212|212|212|212|0|0.0
CVE-2013-7459|pycrypto|424|424|424|424|0|0.0
CVE-2014-0012|jinja2|3|460|231.5|231.5|52212.25|228.5
CVE-2017-17093|WordPress|5400|36898|21149|21149.0|248031001|15749.0
CVE-2017-17094|WordPress|20850|36899|28874.5|28874.5|64392600.25|8024.5
CVE-2014-0120|hawtio|41|5149|2213.4|2621|3232138.24|1797.8148514238055
CVE-2017-17713|trape|20|20|20|20|0|0.0
CVE-2017-17714|trape|20|20|20|20|0|0.0
CVE-2014-0121|hawtio|8|2536|1211.8333333333333|1091.5|1463694.8055555555|1209.8325526929566
CVE-2014-0207|file|846|857|851.5|851.5|30.25|5.5
