CVE-2002-2443|krb5|2561|1280
CVE-2008-7050|wowraidmanager|135|83
CVE-2009-3287|thin|466|600
CVE-2010-0011|uzbl|1002|203
CVE-2010-1155|irssi-proxy|343|676
CVE-2010-1630|phpbb3|137|49
CVE-2010-2060|beanstalkd|333|871
CVE-2010-2761|CGI--Simple|52|790
CVE-2010-3260|orbeon-forms|6976|1240
CVE-2010-4335|cakephp|4687|774
CVE-2010-4802|mojo|3|0
CVE-2010-4802|mojo|670|172
CVE-2010-5312|jquery-ui|31|10
CVE-2010-5327|liferay-portal|1823|52
CVE-2011-0469|open-build-service|4338|574
CVE-2011-0766|otp|3215|516
CVE-2011-2206|DJabberd|658|1849
CVE-2011-2765|Pyro3|46|283
CVE-2011-2929|rails|3398|150
CVE-2011-2930|rails|23296|2099
CVE-2011-2931|rails|22412|1942
CVE-2011-2932|rails|2361|101
CVE-2011-3177|yast-core|2448|3485
CVE-2011-3178|open-build-service|3212|448
CVE-2011-4104|django-tastypie|436|578
CVE-2011-4181|open-build-service|7024|1346
CVE-2011-4183|open-build-service|7024|1346
CVE-2011-4195|kiwi|3163|1520
CVE-2011-4312|reviewboard|1914|1222
CVE-2011-4341|symphony-2|258|109
CVE-2011-4966|freeradius-server|2133|1273
CVE-2011-5097|chef|2056|397
CVE-2011-5098|chef|2661|545
CVE-2012-0037|raptor|6084|3450
CVE-2012-1013|krb5|1451|872
CVE-2012-1059|oscommerce|295|577
CVE-2012-1107|taglib|268|609
CVE-2012-1108|taglib|714|2669
CVE-2012-1188|forkcms|2023|360
CVE-2012-1188|forkcms|2285|391
CVE-2012-1190|phpmyadmin|53651|682
CVE-2012-1208|forkcms|1440|239
CVE-2012-1208|forkcms|1442|239
CVE-2012-1208|forkcms|3417|735
CVE-2012-1209|forkcms|3419|735
CVE-2012-1209|forkcms|3417|735
CVE-2012-1226|dolibarr|14600|1461
CVE-2012-1571|file|251|579
CVE-2012-1584|taglib|866|2944
CVE-2012-1597|ezjscore|308|1013
CVE-2012-1617|OSClass|417|82
CVE-2012-1836|inspircd|4201|1709
CVE-2012-1902|phpmyadmin|61677|728
CVE-2012-1909|bitcoin|1594|536
CVE-2012-1910|bitcoin|483|160
CVE-2012-2139|mail|664|789
CVE-2012-2140|mail|3|0
CVE-2012-2140|mail|657|780
CVE-2012-2673|bdwgc|4|0
CVE-2012-2673|bdwgc|2|0
CVE-2012-2674|platform_bionic|1928|1106
CVE-2012-2675|nedmalloc|21|502
CVE-2012-2935|oscommerce|295|577
CVE-2012-3360|nova|14685|754
CVE-2012-3361|nova|14685|754
CVE-2012-3366|bcfg2|2195|1069
CVE-2012-3371|nova|2558|154
CVE-2012-3508|roundcubemail|4140|1538
